mu,input_snr_db,snr_improvement_db
0.01,-5,6.517013613698971
0.01,0,5.383437110622708
0.01,5,3.6092006890166757
0.01,10,-1.4115377184611784
0.01,15,-4.83956663913453
0.01,20,-12.458333653261644
0.05,-5,5.711810342561708
0.05,0,3.6728837366420874
0.05,5,1.446349013877509
0.05,10,-5.530943058757016
0.05,15,-10.198808641545666
0.05,20,-17.37486212505736
0.1,-5,4.9676338273903
0.1,0,2.3386029113794047
0.1,5,-0.2372984740955287
0.1,10,-7.468822902852658
0.1,15,-12.537401329836168
0.1,20,-19.722432032607166
0.2,-5,3.942651937018868
0.2,0,1.007724715998119
0.2,5,-2.043865075569446
0.2,10,-9.207584410364044
0.2,15,-14.595654983034928
0.2,20,-21.483046384129814
0.5,-5,2.24783047812352
0.5,0,-0.7259428410592073
0.5,5,-4.429132322768036
0.5,10,-11.100992255758698
0.5,15,-16.777084524634205
0.5,20,-22.732809155543713
