sample_id,noise_type,target_snr_db,measured_snr_before_db,measured_snr_after_db,snr_improvement_db,reference_rms_error
190,gunshot,-5,-4.999993641151407,3.349506443949493,8.3495000851009,1.0789593218788872e-07
380,gunshot,0,1.080101962301909e-06,0.24126800638145873,0.24126692627949642,1.6526195101131662e-07
443,gunshot,5,5.000003500637238,-5.149762483449656,-10.149765984086894,0.0
641,gunshot,10,9.999980854540771,-4.917795952329213,-14.917776806869984,5.230449371643863e-07
841,gunshot,15,15.000010871971066,-12.089462898411824,-27.089473770382888,1.52587890625e-07
1058,gunshot,20,19.999963584263963,-5.746003016086624,-25.745966600350584,4.825252777356536e-07
1308,shelling,-5,-5.000052294647005,0.2736663419214075,5.273718636568412,4.037096116736741e-07
1557,shelling,0,-3.478106194529925e-06,1.4198716763374288,1.4198751544436234,2.3507538700611905e-07
1601,shelling,5,4.999981421082652,-2.1486114615726972,-7.1485928826553495,2.412626388678268e-07
1936,shelling,10,10.000047890711603,-0.024157233805008775,-10.02420512451661,1.7059844799040144e-07
2043,shelling,15,14.999885531535282,-1.7678333895568674,-16.76771892109215,0.0
2316,shelling,20,20.00009425473731,-0.08961228566002497,-20.089706540397334,1.7059844799040144e-07
2577,vehicle,-5,-5.000002604261725,0.5563001819535074,5.556302786215233,2.1523548305939345e-05
2684,vehicle,0,5.223654375674297e-06,2.4216789070869718,2.421673683432596,0.0
2973,vehicle,5,5.00001976999868,0.279540447563433,-4.720479322435247,1.52587890625e-07
3019,vehicle,10,10.000007514914088,0.14717988719935654,-9.852827627714731,1.3214498959113139e-07
3305,vehicle,15,14.99997734590214,-2.249881582490917,-17.249858928393056,2.1579186437577745e-07
3455,vehicle,20,19.99997315763239,0.8369928880212812,-19.162980269611108,2.1579186437577745e-07
3659,helicopter,-5,-4.999998694429969,1.5148710683927957,6.514869762822765,1.8688123647942946e-07
3836,helicopter,0,5.07712579708073e-06,2.0236236081509333,2.0236185310251362,1.52587890625e-07
4200,helicopter,5,4.9999758103680865,2.5896781943077585,-2.410297616060328,7.62939453125e-08
4207,helicopter,10,9.999980744112666,1.400219318577759,-8.599761425534906,0.0
4476,helicopter,15,15.000543359118446,0.5633769801935404,-14.437166378924905,1.6502016309688573e-07
4640,helicopter,20,19.999819744549484,0.7725908236162716,-19.22722892093321,1.5794347213951587e-07
4913,fighter,-5,-5.000061568046444,1.2533513267978391,6.253412894844283,7.62939453125e-08
5118,fighter,0,1.5136278954816325e-06,0.815649864229905,0.8156483506020096,1.3214498959113139e-07
5218,fighter,5,4.999993509669408,1.0406328119808075,-3.9593606976886004,2.3203575322133318e-07
5552,fighter,10,10.00009423096037,2.1717772928409578,-7.828316938119412,0.0
5628,fighter,15,15.000005987980565,0.8489113684830195,-14.151094619497545,2.750817318316642e-07
5946,fighter,20,19.99991269558709,0.4463240737993005,-19.55358862178779,8.165503172148839e-08
