mu,noise_type,snr_improvement_db
0.01,fighter,3.7732966602071003
0.01,gunshot,-4.1281087803222105
0.01,helicopter,-1.8120762667335732
0.01,shelling,-3.9567550887435297
0.01,vehicle,3.45715464432638
0.05,fighter,0.05261761585117982
0.05,gunshot,-6.530371101712087
0.05,helicopter,-5.396010838461561
0.05,shelling,-5.971471995742751
0.05,vehicle,-0.7160726235003948
0.1,fighter,-1.9606954269750585
0.1,gunshot,-7.816939142237346
0.1,helicopter,-6.929180591788252
0.1,shelling,-7.672748048422832
0.1,vehicle,-2.836868457761358
0.2,fighter,-3.967405016845923
0.2,gunshot,-9.043389750920158
0.2,helicopter,-8.359284217593821
0.2,shelling,-9.156895186778943
0.2,vehicle,-4.789504327928863
0.5,fighter,-6.297007330064889
0.5,gunshot,-10.88115554917905
0.5,helicopter,-9.826507130771132
0.5,shelling,-10.87427324590829
0.5,vehicle,-6.719498928776918
