sample_id,noise_type,snr_db,snr_before_db,snr_after_db,improvement_db,speech_percentage,noise_only_percentage,adaptation_updates,adaptation_freezes,reference_rms_error
157,gunshot,-5,-4.999994088147721,-0.6585405207151638,4.341453567432557,57.199999999999996,42.8,68352,91520,2.1518138884077558e-05
274,gunshot,0,8.235584537804116e-05,2.6717506900231913,2.6716683341778134,69.8,30.2,48320,111552,1.7059844799040144e-07
466,gunshot,5,5.000008820401152,12.677678839944983,7.677670019543831,64.2,35.8,57280,102592,0.0
769,gunshot,10,10.000007088559396,9.54922064283868,-0.45078644572071624,68.2,31.8,50880,108992,2.1579186437577745e-07
923,gunshot,15,14.999990751423208,9.649805400188887,-5.350185351234321,63.6,36.4,58240,101632,0.0
1166,gunshot,20,19.999745099498924,12.104924002752064,-7.89482109674686,50.8,49.2,78720,81152,1.0789593218788872e-07
1329,shelling,-5,-4.9999924156831135,2.069184150664507,7.06917656634762,44.11918452692107,55.88081547307894,85392,67520,2.157171195385244e-05
1574,shelling,0,-1.8838102600588207e-06,9.22418102695026,9.22418291076052,60.83041520760381,39.1695847923962,62512,97280,1.0792291629039587e-07
1703,shelling,5,5.000002574948916,4.12524305827292,-0.8747595166759963,69.2613185067514,30.73868149324861,30832,69760,2.54414129068692e-07
1869,shelling,10,10.000011865078907,14.792724851481658,4.792712986402751,76.6,23.400000000000002,37440,122432,0.0
2194,shelling,15,14.999993790390572,21.23423805587755,6.2342442654869785,69.6798493408663,30.32015065913371,25632,59200,1.4806684105926055e-07
2258,shelling,20,20.000358972303953,12.329144204915508,-7.671214767388445,57.8,42.199999999999996,67520,92352,2.1579186437577745e-07
2558,vehicle,-5,-4.999998084039034,-0.7244072072489764,4.275590876790058,71.6927453769559,28.3072546230441,31712,80640,3.2808327185052793e-07
2745,vehicle,0,-0.00019489822517840635,11.136926428493277,11.137121326718455,65.8,34.2,54592,105280,0.0
2945,vehicle,5,4.999992733404593,14.585595586686273,9.58560285328168,60.0,40.0,64000,95872,7.317858159351683e-07
3081,vehicle,10,10.000007128682569,-0.19256597140446402,-10.192573100087033,61.199999999999996,38.800000000000004,61952,97920,0.0
3260,vehicle,15,14.999964339002128,22.239816368686064,7.239852029683936,61.4,38.6,61632,98240,0.0
3565,vehicle,20,19.999126537999434,23.625519333852164,3.6263927958527304,55.00000000000001,45.0,72000,87872,1.0789593218788872e-07
3737,helicopter,-5,-5.00000980722641,2.3795138674951515,7.379523674721561,66.8,33.2,53120,106752,2.151867988745629e-05
3876,helicopter,0,1.1655642507343128e-06,5.238341601646837,5.238340436082587,77.0,23.0,36672,123200,2.750817318316642e-07
4197,helicopter,5,5.000002560906294,12.15853106286739,7.158528501961095,62.4,37.6,60032,99840,7.62939453125e-08
4338,helicopter,10,9.999907706022848,15.813571759272374,5.813664053249527,49.4,50.6,80960,78912,0.0
4532,helicopter,15,14.999830083959921,20.333818391714775,5.333988307754854,48.114901256732495,51.8850987432675,22992,21440,1.4456976462957645e-07
4629,helicopter,20,19.999993468130977,24.287908891546877,4.2879154234159,69.39999999999999,30.599999999999998,48960,110912,7.62939453125e-08
4878,fighter,-5,-4.999998358838308,2.3337461269715774,7.333744485809886,54.6,45.4,72512,87360,2.288818359375e-07
5052,fighter,0,-0.0001353301180504877,6.608214348184786,6.608349678302837,69.6,30.4,48512,111360,1.3214498959113139e-07
5229,fighter,5,4.9999981085041485,11.666216249279858,6.666218140775709,66.4,33.6,53760,106112,0.0
5592,fighter,10,9.99999419667477,15.081153737732688,5.081159541057918,78.0,22.0,35200,124672,2.0185480583683704e-07
5634,fighter,15,14.999973164811976,19.487012490074388,4.487039325262412,68.4,31.6,50560,109312,1.0789593218788872e-07
5920,fighter,20,20.00000446628809,20.73568741757444,0.7356829512863499,67.60000000000001,32.4,51840,108032,0.0
