sample_id,noise_type,snr_db,vad_threshold_db,snr_before,snr_after,improvement_db,speech_percentage,noise_percentage,updates,freezes,reference_rms_error
200,gunshot,-5,-50,-4.999987410558202,-0.800534256747262,4.199453153810939,73.2,26.8,42880,116992,2.147915e-05
255,gunshot,0,-50,-2.3269847510088097e-06,3.374859171364737,3.374861498349488,85.6,14.399999999999999,23040,136832,2.530384e-07
534,gunshot,5,-50,4.999993585229443,0.4075867283153107,-4.592406856914132,82.02959830866807,17.970401691331926,20272,93120,9.057615e-08
635,gunshot,10,-50,10.000005834080376,10.156740513913082,0.15673467983270584,99.4,0.6,960,158912,1.0789593e-07
919,gunshot,15,-50,14.999986116927111,15.00040792518363,0.0004218082565188297,100.0,0.0,0,159872,0.0
1017,gunshot,20,-50,19.99972603520835,19.995446912404883,-0.004279122803467317,100.0,0.0,0,159872,1.5258789e-07
1261,shelling,-5,-50,-4.999999909731004,-0.6343952127138326,4.365604697017171,71.61572052401746,28.38427947598253,36272,91840,8.521937e-08
1457,shelling,0,-50,2.3955062753425005e-06,7.262037842718614,7.262035447212339,82.70042194092827,17.29957805907173,16272,78400,2.216312e-07
1693,shelling,5,-50,4.999989322765258,9.131464394492943,4.131475071727684,85.2,14.799999999999999,23680,136192,1.5258789e-07
1920,shelling,10,-50,9.999986623436838,9.141676528631113,-0.8583100948057254,89.4,10.6,16832,143040,0.0
2045,shelling,15,-50,15.0011633318632,15.472601533609684,0.47143820174648354,76.4,23.599999999999998,37632,122240,0.0
2391,shelling,20,-50,20.000143102428108,25.25518128218888,5.255038179760771,87.4,12.6,20160,139712,4.1787916e-07
2403,vehicle,-5,-50,-5.000005433342873,-2.101701364671929,2.8983040686709445,83.31108144192257,16.688918558077436,9872,49920,2.1651094e-05
2602,vehicle,0,-50,3.912722104365172e-06,2.2648209308442095,2.264817018122105,76.97841726618705,23.021582733812952,10112,34240,1.4469971e-07
2862,vehicle,5,-50,4.999933482654784,11.453918849334034,6.45398536667925,79.80000000000001,20.200000000000003,32192,127680,0.0
3188,vehicle,10,-50,9.999962704877547,13.000514675089072,3.000551970211525,87.4,12.6,20160,139712,0.0
3316,vehicle,15,-50,14.999998105605467,19.279373041544538,4.279374935939071,83.6,16.400000000000002,26240,133632,7.6293944e-08
3509,vehicle,20,-50,19.99988574384685,25.67834549600819,5.678459752161341,69.0,31.0,49472,110400,7.6293944e-08
3765,helicopter,-5,-50,-4.999987514950845,1.4396380700950133,6.439625585045858,64.2,35.8,57280,102592,0.0
3855,helicopter,0,-50,-5.018008219701191e-07,0.002247885953470369,0.002248387754292339,100.0,0.0,0,159872,1.3214499e-07
4089,helicopter,5,-50,4.9999932128024405,8.895567539231486,3.8955743264290454,77.8,22.2,35520,124352,1.7059845e-07
4247,helicopter,10,-50,10.000009578669296,19.506546462646387,9.506536883977091,72.6,27.400000000000002,43840,116032,1.3214499e-07
4446,helicopter,15,-50,14.999979874054226,22.18292413646956,7.182944262415333,79.76071784646062,20.23928215353938,16112,64000,0.0
4746,helicopter,20,-50,19.999807366181344,24.38919884372175,4.389391477540407,87.8,12.2,19520,140352,7.6293944e-08
4939,fighter,-5,-50,-5.000001674825883,-0.6165613743527958,4.3834403004730875,67.4,32.6,52160,107712,1.3214499e-07
5120,fighter,0,-50,-4.100989404316188e-06,4.597976953565359,4.597981054554763,64.02753872633392,35.9724612736661,33312,59520,0.0
5242,fighter,5,-50,5.000002548120836,13.314009483179756,8.31400693505892,71.0,28.999999999999996,46272,113600,1.7059845e-07
5451,fighter,10,-50,10.000018501145927,13.217037220185885,3.2170187190399577,80.60000000000001,19.400000000000002,31040,128832,2.1579186e-07
5665,fighter,15,-50,14.999971860955323,19.19312739518181,4.193155534226488,68.53146853146853,31.46853146853147,14272,31360,0.0
5882,fighter,20,-50,19.99972267912398,21.676458704826445,1.6767360257024642,73.0,27.0,43200,116672,7.6293944e-08
51,gunshot,-5,-45,-5.000010710033535,-2.3539605488989865,2.646050161134548,71.0,28.999999999999996,46400,113472,1.3214499e-07
270,gunshot,0,-45,1.0245864506465581e-06,5.05267748756215,5.0526764629756995,82.19999999999999,17.8,28480,131392,2.15422e-05
542,gunshot,5,-45,4.999897003788854,6.981655608877874,1.98175860508902,74.4,25.6,40832,119040,0.0
641,gunshot,10,-45,9.999980854540771,10.767527355131342,0.7675465005905711,93.0,7.000000000000001,11072,148800,5.2304495e-07
812,gunshot,15,-45,14.999965045535454,14.774498489256205,-0.22546655627924928,100.0,0.0,0,159872,7.6293944e-08
1014,gunshot,20,-45,19.99988211401306,16.30011507693252,-3.699767037080541,80.60000000000001,19.400000000000002,31040,128832,0.0
1389,shelling,-5,-45,-5.000003449157699,-0.24080198768297478,4.759201461474724,58.6483390607102,41.3516609392898,57632,81920,0.0
1600,shelling,0,-45,-2.0671914764903697e-05,2.47795775191281,2.477978423827575,83.38848444738584,16.61151555261416,19952,100800,1.2413317e-07
1774,shelling,5,-45,5.000010833859941,10.024967469461338,5.024956635601397,80.60000000000001,19.400000000000002,31040,128832,2.1579186e-07
1816,shelling,10,-45,9.99987518352636,16.695362592814963,6.695487409288603,74.8,25.2,40192,119680,0.0
2104,shelling,15,-45,14.999985334528375,5.118634912605735,-9.88135042192264,84.8,15.2,24320,135552,0.0
2330,shelling,20,-45,19.999937611156284,20.329847684002548,0.32991007284626406,99.8,0.2,320,159552,7.6293944e-08
2536,vehicle,-5,-45,-4.999995132391895,7.46895796634787,12.468953098739764,63.2,36.8,58880,100992,0.0
2762,vehicle,0,-45,-1.279765579788369e-06,-0.7390062062449841,-0.7390049264794043,43.8,56.2,89792,70080,1.0789593e-07
2976,vehicle,5,-45,5.000003617773286,16.879651997549203,11.879648379775917,69.87341772151898,30.126582278481013,28432,66240,1.4017188e-07
3166,vehicle,10,-45,10.000147915774262,19.76641960840459,9.766271692630328,76.8,23.200000000000003,36992,122880,1.8688124e-07
3305,vehicle,15,-45,14.99997734590214,22.83618281383147,7.8362054679293305,78.60000000000001,21.4,34240,125632,2.1579186e-07
3501,vehicle,20,-45,19.999971283166246,28.41539323822129,8.415421955055045,67.80000000000001,32.2,51520,108352,2.2888183e-07
3746,helicopter,-5,-45,-5.0000033669674195,1.581008697758559,6.581012064725979,66.0,34.0,54400,105472,7.6293944e-08
3908,helicopter,0,-45,3.6969626505880833e-06,6.2267204426568155,6.226716745694165,69.16802610114192,30.831973898858074,14992,33920,2.386907e-07
4197,helicopter,5,-45,5.000002560906294,11.760517780824198,6.760515219917904,77.2,22.8,36352,123520,7.6293944e-08
4276,helicopter,10,-45,9.99996413032311,12.004877296087384,2.0049131657642736,45.4,54.6,87232,72640,1.3214499e-07
4498,helicopter,15,-45,14.999990618892507,18.776926005627633,3.7769353867351256,67.2,32.800000000000004,52480,107392,0.0
4770,helicopter,20,-45,19.999932570787276,26.13290155348895,6.132968982701673,76.2,23.799999999999997,37952,121920,0.0
4977,fighter,-5,-45,-5.000001815102796,0.6603572402026645,5.66035905530546,76.12121212121212,23.87878787878788,31392,100480,2.6562142e-07
5147,fighter,0,-45,5.362462956254876e-06,6.008177703986411,6.008172341523455,62.2,37.8,60480,99392,1.5258789e-07
5314,fighter,5,-45,5.000006640565249,9.253532275590686,4.253525635025437,81.0,19.0,30400,129472,0.0
5440,fighter,10,-45,10.000013651049631,14.59783183376545,4.5978181827158195,71.6,28.4,45440,114432,2.6428998e-07
5735,fighter,15,-45,14.99994640475473,21.00484412777165,6.004897723016921,67.3791348600509,32.6208651399491,51152,105920,1.8853822e-07
5824,fighter,20,-45,19.999346863466194,23.164042195336098,3.164695331869904,44.29065743944637,55.70934256055363,38512,30720,3.2774835e-07
158,gunshot,-5,-40,-4.99999083938837,-2.4042533475704495,2.5957374918179204,68.0,32.0,51072,108800,7.6293944e-08
225,gunshot,0,-40,1.0359257435974609e-05,5.110594459881769,5.110584100624333,64.4,35.6,56960,102912,1.8688124e-07
403,gunshot,5,-40,5.000026579859904,10.348606689099313,5.348580109239409,72.2,27.800000000000004,44480,115392,1.5258789e-07
651,gunshot,10,-40,9.99998882232415,10.821208145529491,0.8212193232053409,78.0,22.0,35200,124672,1.7059845e-07
808,gunshot,15,-40,14.999928346190183,11.894438494068378,-3.1054898521218046,78.4,21.6,34560,125312,1.0789593e-07
1006,gunshot,20,-40,19.99976111397444,8.33616456742124,-11.6635965465532,55.2,44.800000000000004,71552,88320,1.0789593e-07
1400,shelling,-5,-40,-5.000002424307212,2.667193123173268,7.66719554748048,61.199999999999996,38.800000000000004,61952,97920,2.1543281e-05
1555,shelling,0,-40,9.470829782496575e-06,6.89622442993843,6.896214959108647,81.45833333333333,18.541666666666668,28352,125120,1.1012082e-07
1613,shelling,5,-40,4.999995802445906,8.064911082615954,3.064915280170047,72.95313382269904,27.04686617730096,38192,103360,1.4042888e-07
1848,shelling,10,-40,9.999992325179658,13.063121062623747,3.0631287374440888,67.4,32.6,52160,107712,1.0789593e-07
2005,shelling,15,-40,14.999934643868096,12.993976141171961,-2.005958502696135,71.0,28.999999999999996,46400,113472,0.0
2357,shelling,20,-40,20.00015487675318,0.5913740859241867,-19.40878079082899,74.8,25.2,40320,119552,2.6428998e-07
2401,vehicle,-5,-40,-5.000000176586572,3.09794371131431,8.097943887900882,60.0,40.0,63872,96000,1.7059845e-07
2745,vehicle,0,-40,-0.00019489822517840635,11.136924103791177,11.137119002016355,65.8,34.2,54592,105280,0.0
2909,vehicle,5,-40,4.999988399261998,16.554001699568467,11.554013300306469,59.4,40.6,64960,94912,1.0789593e-07
3171,vehicle,10,-40,9.99999315189373,15.854953211908612,5.854960060014882,80.2,19.8,31680,128192,7.6293944e-08
3213,vehicle,15,-40,15.000005630840324,21.33906104235873,6.339055411518405,68.50828729281768,31.491712707182316,18112,39680,0.0
3527,vehicle,20,-40,20.00008661281846,28.170406359513976,8.170319746695515,65.2,34.8,55552,104320,0.0
3752,helicopter,-5,-40,-4.999987148563093,-4.031944156280398,0.9680429922826956,27.89115646258503,72.10884353741497,101632,39360,8.123736e-08
3829,helicopter,0,-40,-3.180863456223919e-06,9.10372998009779,9.103733160961248,67.0,33.0,52800,107072,7.6293944e-08
4143,helicopter,5,-40,4.999995220366861,8.852639104311283,3.852643883944422,58.8,41.199999999999996,65920,93952,7.6293944e-08
4284,helicopter,10,-40,10.000039433795147,19.92475656302647,9.924717129231324,42.711457708458305,57.28854229154169,76272,56960,1.8686255e-07
4472,helicopter,15,-40,14.999983214965178,24.769015367967967,9.769032153002788,62.8140703517588,37.185929648241206,47232,80000,1.2093403e-07
4633,helicopter,20,-40,19.999984449553466,24.763130833470292,4.763146383916826,74.0,26.0,41600,118272,2.018548e-07
4975,fighter,-5,-40,-4.999999883965401,1.4964320492365688,6.49643193320197,81.39999999999999,18.6,29760,130112,1.8688124e-07
5145,fighter,0,-40,7.492745841466517e-07,8.477261610373287,8.477260861098703,64.0,36.0,57600,102272,7.6293944e-08
5305,fighter,5,-40,5.000007357796807,7.81505207565437,2.815044717857563,64.34426229508196,35.65573770491803,55552,100480,1.8916501e-07
5511,fighter,10,-40,9.999988027902788,17.411962641485133,7.411974613582345,66.8,33.2,53120,106752,2.6428998e-07
5744,fighter,15,-40,14.999915826345326,21.35301242112735,6.3530965947820235,62.95264623955432,37.04735376044568,21152,36160,0.0
5835,fighter,20,-40,19.999876019592186,23.013535046865158,3.013659027272972,48.4,51.6,82432,77440,0.0
75,gunshot,-5,-35,-4.9999986285873,-0.1812739708993067,4.818724657687993,60.30881017257039,39.69118982742961,34832,53120,2.1554428e-05
343,gunshot,0,-35,4.0379688883275704e-06,4.301664542389167,4.301660504420279,55.483106105512746,44.516893894487254,59952,74880,2.1599963e-05
491,gunshot,5,-35,4.999994151085574,-11.27234374375773,-16.272337894843304,52.800000000000004,47.199999999999996,75392,84480,0.0
657,gunshot,10,-35,9.999992721165924,15.428510855231487,5.428518134065563,71.4431934493347,28.556806550665303,44512,111680,0.0
988,gunshot,15,-35,14.999896547942196,15.37053820747628,0.37064165953408335,55.60000000000001,44.4,71040,88832,1.8688124e-07
1133,gunshot,20,-35,20.000041718715565,22.577434782766808,2.5773930640512432,67.2,32.800000000000004,52480,107392,1.5258789e-07
1377,shelling,-5,-35,-5.000006521689339,-0.9919494153385772,4.008057106350762,56.27906976744186,43.72093023255814,29952,38720,1.16347174e-07
1430,shelling,0,-35,-4.104884194038117e-06,6.308052699108658,6.308056803992852,54.800000000000004,45.2,72320,87552,2.018548e-07
1752,shelling,5,-35,4.99984758332285,11.094263154407463,6.094415571084612,45.654450261780106,54.3455497382199,41392,34880,0.0
1936,shelling,10,-35,10.000047890711603,11.439454344432704,1.4394064537211015,65.4,34.599999999999994,55232,104640,1.7059845e-07
2077,shelling,15,-35,15.000002476489751,5.774573942249854,-9.225428534239896,54.0,46.0,73600,86272,1.7059845e-07
2251,shelling,20,-35,20.00012301446121,20.482517902562563,0.48239488810135356,33.6,66.4,106112,53760,0.0
2531,vehicle,-5,-35,-4.999998166790476,4.36995791014576,9.369956076936237,56.8,43.2,68992,90880,0.0
2628,vehicle,0,-35,-1.2758003299569477e-05,12.338654220078398,12.338666978081697,55.60000000000001,44.4,70912,88960,2.7508173e-07
2965,vehicle,5,-35,5.000005762251957,13.834680118574173,8.834674356322216,53.400000000000006,46.6,74560,85312,7.6293944e-08
3052,vehicle,10,-35,9.999768478501599,12.038718237971908,2.0389497594703094,10.2,89.8,143552,16320,7.6293944e-08
3341,vehicle,15,-35,14.9999777510998,20.81237234079073,5.81239458969093,64.28930185836263,35.71069814163737,56752,102400,1.8730314e-07
3445,vehicle,20,-35,19.999941103352565,24.934690734830802,4.934749631478237,79.2,20.8,33280,126592,0.0
3710,helicopter,-5,-35,-5.000003823427558,6.716653383061533,11.71665720648909,53.400000000000006,46.6,74432,85440,2.1508398e-05
3864,helicopter,0,-35,7.44539527841158e-07,7.641357389064223,7.641356644524695,65.0,35.0,56000,103872,1.8688124e-07
4009,helicopter,5,-35,5.000001297175345,13.809551068921497,8.809549771746152,52.2,47.8,76352,83520,2.1579186e-07
4393,helicopter,10,-35,10.000002777234961,14.348621063690095,4.3486182864551335,64.60000000000001,35.4,56512,103360,1.8688124e-07
4588,helicopter,15,-35,15.000004706025328,18.79899898370458,3.7989942776792507,60.47244094488189,39.52755905511811,19952,30720,1.9148432e-07
4686,helicopter,20,-35,20.0000221939474,24.297348446992157,4.297326253044755,64.56908344733242,35.43091655266758,20592,37760,3.9906752e-07
4843,fighter,-5,-35,-5.000002867516621,-1.275327736420747,3.7246751310958737,64.30188679245283,35.69811320754717,37712,68160,1.8746799e-07
5032,fighter,0,-35,-3.60987670288156e-06,4.102907593408411,4.102911203285114,67.0967741935484,32.903225806451616,24352,49920,5.8136044e-07
5357,fighter,5,-35,5.000002560566589,12.37748565328751,7.3774830927209205,67.75956284153006,32.240437158469945,32912,69440,9.53302e-08
5516,fighter,10,-35,9.999977122114922,15.196611321263873,5.196634199148951,50.6,49.4,79040,80832,1.0789593e-07
5663,fighter,15,-35,14.999988844868836,18.616200566817465,3.6162117219486287,56.8,43.2,69120,90752,7.6293944e-08
5938,fighter,20,-35,19.999919647640862,25.2625334454659,5.262613797825036,56.599999999999994,43.4,69440,90432,0.0
141,gunshot,-5,-30,-5.000005448534357,-2.2647888598244204,2.7352165887099367,44.28044280442804,55.71955719557196,48192,38400,1.4655662e-07
344,gunshot,0,-30,6.999725637539817e-07,1.3492743948520813,1.3492736948795176,61.101243339254,38.898756660746,17392,27520,2.1518734e-05
497,gunshot,5,-30,5.0000889154285035,9.299190148885254,4.29910123345675,52.400000000000006,47.599999999999994,76160,83712,1.5258789e-07
744,gunshot,10,-30,9.999834594008476,12.055725918537112,2.055891324528636,13.8,86.2,137792,22080,1.0789593e-07
937,gunshot,15,-30,15.00001008363701,19.88700014599481,4.8869900623578015,34.4,65.60000000000001,104832,55040,1.7059845e-07
1181,gunshot,20,-30,19.999663628963948,-1.108441286775192,-21.10810491573914,21.604938271604937,78.39506172839506,40512,11200,0.0
1273,shelling,-5,-30,-5.00000438319263,-7.140614394471694,-2.1406100112790636,18.8,81.2,129792,30080,1.5258789e-07
1403,shelling,0,-30,-4.7480788193634e-06,5.090365726184039,5.090370474262858,39.4,60.6,96832,63040,1.8688124e-07
1701,shelling,5,-30,4.999998632454023,4.240592877019152,-0.7594057554348712,25.2,74.8,119552,40320,0.0
1937,shelling,10,-30,9.999997545548027,15.368127700563313,5.368130155015287,58.4,41.6,66560,93312,1.3214499e-07
2070,shelling,15,-30,14.999990878839476,15.89211255469245,0.8921216758529731,34.599999999999994,65.4,104640,55232,1.3214499e-07
2348,shelling,20,-30,19.999943546546035,7.0282413807396065,-12.971702165806429,42.71186440677966,57.28813559322033,26912,20160,0.0
2590,vehicle,-5,-30,-4.999996503406834,1.0265483824834991,6.026544885890333,56.8,43.2,68992,90880,0.0
2764,vehicle,0,-30,-2.2470977222570998e-05,12.307695915973103,12.307718386950325,21.98830409356725,78.01169590643275,53232,15040,0.0
2856,vehicle,5,-30,4.999934684798763,13.118900705520339,8.118966020721576,23.400000000000002,76.6,122432,37440,0.0
3061,vehicle,10,-30,10.000018825281645,15.579598377013985,5.5795795517323405,48.4,51.6,82560,77312,1.8688124e-07
3333,vehicle,15,-30,14.99998956103191,18.378706981557297,3.378717420525387,49.2,50.8,81280,78592,1.0789593e-07
3457,vehicle,20,-30,19.999983608173917,23.883779628828723,3.883796020654806,52.6,47.4,75840,84032,4.944413e-07
3788,helicopter,-5,-30,-4.999990550268987,0.9062079825870828,5.90619853285607,23.0,77.0,123200,36672,7.6293944e-08
3971,helicopter,0,-30,-1.8319360537755773e-06,8.571769674316183,8.571771506252237,34.48275862068966,65.51724137931035,33312,17600,2.701623e-07
4077,helicopter,5,-30,4.9999917966825596,8.301129401902294,3.3011376052197345,59.17496443812234,40.82503556187766,45792,66560,9.099393e-08
4312,helicopter,10,-30,9.999872400709847,14.585928330349017,4.586055929639169,13.8,86.2,137792,22080,7.6293944e-08
4471,helicopter,15,-30,14.99981335070298,21.026008723365276,6.026195372662297,45.6,54.400000000000006,87040,72832,2.1579186e-07
4748,helicopter,20,-30,19.999968442067434,18.43447504156561,-1.5654934005018255,31.4,68.60000000000001,109632,50240,6.3832096e-07
4830,fighter,-5,-30,-5.000000051944854,2.649352810048917,7.649352861993771,58.599999999999994,41.4,66240,93632,2.150691e-05
5138,fighter,0,-30,9.381329296161111e-06,9.964227474522653,9.964218093193358,31.0,69.0,110400,49472,1.0789593e-07
5247,fighter,5,-30,4.999992791638018,9.700040560890502,4.700047769252484,56.99999999999999,43.0,68800,91072,3.236878e-07
5483,fighter,10,-30,9.999985749814384,12.600118284126758,2.6001325343123742,30.480397570403095,69.5196024295969,100592,44160,1.1338637e-07
5756,fighter,15,-30,14.999980371220023,19.92252173950645,4.922541368286428,42.32365145228216,57.676348547717836,88832,65280,0.0
5818,fighter,20,-30,19.99962315424432,16.09510843953283,-3.904514714711489,16.469120399251402,83.53087960074859,106992,21120,1.4760428e-07
